客户编码,Recency,Frequency,Monetary,R_Score,F_Score,M_Score,RFM总分,客户层级,是否流失
S10001,16,10,4666242.0,3,3,3,9,重要客户,0
S10011,3,7,2953097.0,4,2,2,8,重要客户,0
S10016,92,4,2467894.0,1,1,2,4,流失风险,1
S10025,11,12,6239938.0,3,4,4,11,核心客户,0
S10057,1,9,3596425.0,4,3,3,10,核心客户,0
S10058,21,6,3692408.0,3,2,3,8,重要客户,0
S10098,74,4,2826573.0,1,1,2,4,流失风险,1
S10106,2,4,1798535.0,4,1,1,6,一般客户,0
S10110,35,8,3788079.0,2,3,3,8,重要客户,0
S10131,167,2,1684071.0,1,1,1,3,流失风险,1
S10135,35,11,5469058.0,2,4,4,10,核心客户,0
S10136,41,8,4626669.0,2,3,3,8,重要客户,0
S10141,17,14,6698344.0,3,4,4,11,核心客户,0
S10143,129,3,1558806.0,1,1,1,3,流失风险,1
S10158,20,14,6651163.0,3,4,4,11,核心客户,0
S10223,2,7,3385305.0,4,2,3,9,重要客户,0
S10226,8,6,2381690.0,4,2,2,8,重要客户,0
S10253,16,11,7407682.0,3,4,4,11,核心客户,0
S10271,80,7,4597139.0,1,2,3,6,一般客户,0
S10274,9,4,1728358.0,4,1,1,6,一般客户,0
S10283,9,4,1131064.0,4,1,1,6,一般客户,0
S10286,11,19,9351549.0,3,4,4,11,核心客户,0
S10302,19,7,3173171.0,3,2,2,7,重要客户,0
S10311,6,15,6808502.0,4,4,4,12,核心客户,0
S10325,11,7,5384687.0,3,2,4,9,重要客户,0
S10355,10,6,3136308.0,4,2,2,8,重要客户,0
S10359,12,8,3122156.0,3,3,2,8,重要客户,0
S10397,11,11,5060516.0,3,4,4,11,核心客户,0
S10409,29,4,601716.0,2,1,1,4,流失风险,1
S10419,9,10,4124616.0,4,3,3,10,核心客户,0
S10423,8,17,7118268.0,4,4,4,12,核心客户,0
S10427,27,7,2906056.0,2,2,2,6,一般客户,0
S10430,20,11,5539094.0,3,4,4,11,核心客户,0
S10438,43,7,2507304.0,2,2,2,6,一般客户,0
S10448,30,5,2576924.0,2,2,2,6,一般客户,0
S10451,1,10,4965517.0,4,3,3,10,核心客户,0
S10462,6,11,4287861.0,4,4,3,11,核心客户,0
S10468,63,6,3363409.0,1,2,3,6,一般客户,0
S10469,1,4,2678900.0,4,1,2,7,重要客户,0
S10476,9,12,5978957.0,4,4,4,12,核心客户,0
S10510,70,4,1890918.0,1,1,1,3,流失风险,1
S10512,28,6,1800398.0,2,2,1,5,一般客户,0
S10520,9,6,1014345.0,4,2,1,7,重要客户,0
S10529,32,8,4360568.0,2,3,3,8,重要客户,0
S10550,36,5,2361560.0,2,2,2,6,一般客户,0
S10554,5,7,3857206.0,4,2,3,9,重要客户,0
S10570,112,2,1000787.0,1,1,1,3,流失风险,1
S10575,78,4,1215605.0,1,1,1,3,流失风险,1
S10576,18,8,3804956.0,3,3,3,9,重要客户,0
S10580,47,11,6366323.0,1,4,4,9,重要客户,0
S10594,1,10,5571732.0,4,3,4,11,核心客户,0
S10596,31,8,4913344.0,2,3,3,8,重要客户,0
S10604,24,5,3880956.0,2,2,3,7,重要客户,0
S10606,45,9,4038450.0,2,3,3,8,重要客户,0
S10607,46,10,4364547.0,1,3,3,7,重要客户,0
S10616,47,10,5900038.0,1,3,4,8,重要客户,0
S10648,55,3,587084.0,1,1,1,3,流失风险,1
S10671,12,9,4823130.0,3,3,3,9,重要客户,0
S10710,3,8,4819253.0,4,3,3,10,核心客户,0
S10723,15,7,3679041.0,3,2,3,8,重要客户,0
S10757,20,4,1222867.0,3,1,1,5,一般客户,0
S10763,31,3,1249380.0,2,1,1,4,流失风险,1
S10777,12,3,2022068.0,3,1,1,5,一般客户,0
S10781,14,8,4589561.0,3,3,3,9,重要客户,0
S10786,12,8,3547363.0,3,3,3,9,重要客户,0
S10790,14,5,2965402.0,3,2,2,7,重要客户,0
S10819,33,6,2777393.0,2,2,2,6,一般客户,0
S10825,28,4,1026580.0,2,1,1,4,流失风险,1
S10858,28,6,2446101.0,2,2,2,6,一般客户,0
S10859,30,16,7798233.0,2,4,4,10,核心客户,0
S10860,17,9,3704608.0,3,3,3,9,重要客户,0
S10865,13,17,9588200.0,3,4,4,11,核心客户,0
S10867,15,6,2457022.0,3,2,2,7,重要客户,0
S10902,15,17,8356625.0,3,4,4,11,核心客户,0
S10905,60,3,1494794.0,1,1,1,3,流失风险,1
S10909,54,5,3259403.0,1,2,2,5,一般客户,0
S10915,28,10,3643417.0,2,3,3,8,重要客户,0
S10961,2,13,5814722.0,4,4,4,12,核心客户,0
S10966,4,12,5090746.0,4,4,4,12,核心客户,0
S10972,36,8,4598722.0,2,3,3,8,重要客户,0
S10973,9,11,5373822.0,4,4,4,12,核心客户,0
S10976,2,7,3312060.0,4,2,2,8,重要客户,0
S10983,49,6,4748581.0,1,2,3,6,一般客户,0
S10989,30,13,5072675.0,2,4,4,10,核心客户,0
S10990,21,9,3122767.0,3,3,2,8,重要客户,0
S10996,2,18,8984882.0,4,4,4,12,核心客户,0
S11021,21,7,3496775.0,3,2,3,8,重要客户,0
S11024,62,9,4473255.0,1,3,3,7,重要客户,0
S11028,60,5,2574054.0,1,2,2,5,一般客户,0
S11033,36,11,3561796.0,2,4,3,9,重要客户,0
S11051,11,11,6368671.0,3,4,4,11,核心客户,0
S11055,10,7,3130520.0,4,2,2,8,重要客户,0
S11063,7,9,3545853.0,4,3,3,10,核心客户,0
S11074,109,4,2567367.0,1,1,2,4,流失风险,1
S11080,80,5,1999862.0,1,2,1,4,流失风险,1
S11100,10,3,1224043.0,4,1,1,6,一般客户,0
S11101,19,8,3203467.0,3,3,2,8,重要客户,0
S11104,34,15,8427203.0,2,4,4,10,核心客户,0
S11176,114,2,457714.0,1,1,1,3,流失风险,1
S11188,3,9,4652282.0,4,3,3,10,核心客户,0
S11205,30,8,5417732.0,2,3,4,9,重要客户,0
S11209,62,3,1573868.0,1,1,1,3,流失风险,1
S11227,1,2,827957.0,4,1,1,6,一般客户,0
S11231,55,6,2660521.0,1,2,2,5,一般客户,0
S11237,79,3,890787.0,1,1,1,3,流失风险,1
S11245,5,2,525376.0,4,1,1,6,一般客户,0
S11282,102,3,948107.0,1,1,1,3,流失风险,1
S11285,40,2,1683378.0,2,1,1,4,流失风险,1
S11296,1,14,4820334.0,4,4,3,11,核心客户,0
S11303,84,2,1004773.0,1,1,1,3,流失风险,1
S11329,23,2,1187854.0,3,1,1,5,一般客户,0
S11333,85,7,4216727.0,1,2,3,6,一般客户,0
S11334,71,7,4566144.0,1,2,3,6,一般客户,0
S11353,10,4,1774869.0,4,1,1,6,一般客户,0
S11366,49,7,3119937.0,1,2,2,5,一般客户,0
S11368,26,16,11123830.0,2,4,4,10,核心客户,0
S11371,6,7,3017195.0,4,2,2,8,重要客户,0
S11381,44,7,3756101.0,2,2,3,7,重要客户,0
S11385,38,6,3481156.0,2,2,3,7,重要客户,0
S11386,103,3,988654.0,1,1,1,3,流失风险,1
S11390,16,6,3208072.0,3,2,2,7,重要客户,0
S11401,17,7,2372320.0,3,2,2,7,重要客户,0
S11411,28,7,4389447.0,2,2,3,7,重要客户,0
S11412,44,10,6260571.0,2,3,4,9,重要客户,0
S11423,69,5,2829843.0,1,2,2,5,一般客户,0
S11446,46,3,1908906.0,1,1,1,3,流失风险,1
S11447,30,6,2643589.0,2,2,2,6,一般客户,0
S11460,29,13,8068910.0,2,4,4,10,核心客户,0
S11472,46,3,964804.0,1,1,1,3,流失风险,1
S11506,7,11,5542772.0,4,4,4,12,核心客户,0
S11510,59,4,1165092.0,1,1,1,3,流失风险,1
S11543,120,6,1902253.0,1,2,1,4,流失风险,1
S11546,13,14,6210946.0,3,4,4,11,核心客户,0
S11581,3,22,9254328.0,4,4,4,12,核心客户,0
S11596,5,11,4582295.0,4,4,3,11,核心客户,0
S11602,1,5,3775877.0,4,2,3,9,重要客户,0
S11609,1,13,7326027.0,4,4,4,12,核心客户,0
S11611,247,2,1103770.0,1,1,1,3,流失风险,1
S11622,18,10,5808850.0,3,3,4,10,核心客户,0
S11644,17,10,4088216.0,3,3,3,9,重要客户,0
S11667,67,8,3196925.0,1,3,2,6,一般客户,0
S11671,21,8,4764444.0,3,3,3,9,重要客户,0
S11673,86,4,1510096.0,1,1,1,3,流失风险,1
S11674,58,8,5599586.0,1,3,4,8,重要客户,0
S11677,26,10,5671556.0,2,3,4,9,重要客户,0
S11685,80,7,2495148.0,1,2,2,5,一般客户,0
S11690,9,13,7914701.0,4,4,4,12,核心客户,0
S11691,58,4,2695185.0,1,1,2,4,流失风险,1
S11708,17,7,2983287.0,3,2,2,7,重要客户,0
S11743,27,5,3622495.0,2,2,3,7,重要客户,0
S11773,1,10,3009549.0,4,3,2,9,重要客户,0
S11778,43,6,1872281.0,2,2,1,5,一般客户,0
S11785,8,4,2145440.0,4,1,2,7,重要客户,0
S11812,18,10,5777373.0,3,3,4,10,核心客户,0
S11827,58,3,617540.0,1,1,1,3,流失风险,1
S11832,18,12,4287863.0,3,4,3,10,核心客户,0
S11834,7,6,2303094.0,4,2,2,8,重要客户,0
S11856,83,3,1693518.0,1,1,1,3,流失风险,1
S11871,4,13,4233001.0,4,4,3,11,核心客户,0
S11874,15,8,4225175.0,3,3,3,9,重要客户,0
S11908,223,2,1078527.0,1,1,1,3,流失风险,1
S11915,111,3,949882.0,1,1,1,3,流失风险,1
S11955,24,8,4067426.0,2,3,3,8,重要客户,0
S11956,16,4,1954886.0,3,1,1,5,一般客户,0
S11957,19,15,7997458.0,3,4,4,11,核心客户,0
S11971,12,6,2021650.0,3,2,1,6,一般客户,0
S11995,57,4,1763408.0,1,1,1,3,流失风险,1
S11996,18,4,1675497.0,3,1,1,5,一般客户,0
S12021,19,6,3764304.0,3,2,3,8,重要客户,0
S12026,108,5,3086520.0,1,2,2,5,一般客户,0
S12047,37,3,1894601.0,2,1,1,4,流失风险,1
S12086,45,10,5840263.0,2,3,4,9,重要客户,0
S12095,10,4,973395.0,4,1,1,6,一般客户,0
S12100,84,3,2521749.0,1,1,2,4,流失风险,1
S12103,57,6,3560800.0,1,2,3,6,一般客户,0
S12106,2,12,6140853.0,4,4,4,12,核心客户,0
S12110,20,15,6246978.0,3,4,4,11,核心客户,0
S12118,5,7,4096655.0,4,2,3,9,重要客户,0
S12122,16,4,1126953.0,3,1,1,5,一般客户,0
S12158,18,7,2715601.0,3,2,2,7,重要客户,0
S12163,23,10,5816516.0,3,3,4,10,核心客户,0
S12176,56,7,2713304.0,1,2,2,5,一般客户,0
S12196,64,3,1528659.0,1,1,1,3,流失风险,1
S12220,75,6,2885284.0,1,2,2,5,一般客户,0
S12234,7,4,2420998.0,4,1,2,7,重要客户,0
S12236,38,6,2633738.0,2,2,2,6,一般客户,0
S12239,16,4,1611338.0,3,1,1,5,一般客户,0
S12256,9,13,7304556.0,4,4,4,12,核心客户,0
S12266,6,7,3518771.0,4,2,3,9,重要客户,0
S12270,92,5,2459554.0,1,2,2,5,一般客户,0
S12272,3,7,4531767.0,4,2,3,9,重要客户,0
S12273,93,2,1194144.0,1,1,1,3,流失风险,1
S12331,17,7,3698688.0,3,2,3,8,重要客户,0
S12347,136,6,2532387.0,1,2,2,5,一般客户,0
S12358,61,7,3355122.0,1,2,3,6,一般客户,0
S12374,16,14,6829335.0,3,4,4,11,核心客户,0
S12385,10,8,3527536.0,4,3,3,10,核心客户,0
S12401,116,3,1111204.0,1,1,1,3,流失风险,1
S12411,26,7,4080066.0,2,2,3,7,重要客户,0
S12418,10,6,3211254.0,4,2,2,8,重要客户,0
S12446,34,10,3694360.0,2,3,3,8,重要客户,0
S12453,123,3,2079219.0,1,1,1,3,流失风险,1
S12455,10,10,4353415.0,4,3,3,10,核心客户,0
S12463,173,3,345919.0,1,1,1,3,流失风险,1
S12467,33,7,2978431.0,2,2,2,6,一般客户,0
S12471,20,9,3262207.0,3,3,2,8,重要客户,0
S12494,7,3,1962948.0,4,1,1,6,一般客户,0
S12498,120,4,1420349.0,1,1,1,3,流失风险,1
S12504,18,3,1154483.0,3,1,1,5,一般客户,0
S12523,48,8,5534537.0,1,3,4,8,重要客户,0
S12533,22,3,1810979.0,3,1,1,5,一般客户,0
S12547,2,3,1055285.0,4,1,1,6,一般客户,0
S12572,130,9,5196611.0,1,3,4,8,重要客户,0
S12578,3,9,4349211.0,4,3,3,10,核心客户,0
S12592,16,11,4796541.0,3,4,3,10,核心客户,0
S12599,7,5,2414701.0,4,2,2,8,重要客户,0
S12608,95,4,2457221.0,1,1,2,4,流失风险,1
S12621,28,3,1241425.0,2,1,1,4,流失风险,1
S12638,27,10,4306595.0,2,3,3,8,重要客户,0
S12660,32,8,4497022.0,2,3,3,8,重要客户,0
S12675,30,14,7613494.0,2,4,4,10,核心客户,0
S12688,23,5,1785555.0,3,2,1,6,一般客户,0
S12690,147,3,917233.0,1,1,1,3,流失风险,1
S12713,72,4,1202530.0,1,1,1,3,流失风险,1
S12719,4,11,6008978.0,4,4,4,12,核心客户,0
S12746,24,7,3865593.0,2,2,3,7,重要客户,0
S12763,35,17,10346415.0,2,4,4,10,核心客户,0
S12770,12,6,2482774.0,3,2,2,7,重要客户,0
S12804,22,5,2656438.0,3,2,2,7,重要客户,0
S12814,8,12,6543973.0,4,4,4,12,核心客户,0
S12832,7,6,2825122.0,4,2,2,8,重要客户,0
S12840,89,2,604538.0,1,1,1,3,流失风险,1
S12848,2,17,9545901.0,4,4,4,12,核心客户,0
S12869,77,3,1515308.0,1,1,1,3,流失风险,1
S12871,24,15,8503332.0,2,4,4,10,核心客户,0
S12897,17,7,2227655.0,3,2,2,7,重要客户,0
S12908,25,4,1142344.0,2,1,1,4,流失风险,1
S12979,87,3,1181991.0,1,1,1,3,流失风险,1
S12993,33,6,3413246.0,2,2,3,7,重要客户,0
S13004,13,4,1256723.0,3,1,1,5,一般客户,0
S13008,39,7,3841370.0,2,2,3,7,重要客户,0
S13020,32,13,6701795.0,2,4,4,10,核心客户,0
S13033,38,3,1805071.0,2,1,1,4,流失风险,1
S13058,23,10,2378675.0,3,3,2,8,重要客户,0
S13061,35,8,3395131.0,2,3,3,8,重要客户,0
S13067,21,11,3686213.0,3,4,3,10,核心客户,0
S13070,63,3,700632.0,1,1,1,3,流失风险,1
S13083,2,6,3217606.0,4,2,2,8,重要客户,0
S13102,34,6,2927459.0,2,2,2,6,一般客户,0
S13106,16,13,4596967.0,3,4,3,10,核心客户,0
S13107,8,8,3085744.0,4,3,2,9,重要客户,0
S13115,31,13,4564562.0,2,4,3,9,重要客户,0
S13119,21,10,5438149.0,3,3,4,10,核心客户,0
S13157,12,10,4706041.0,3,3,3,9,重要客户,0
S13166,9,16,7991506.0,4,4,4,12,核心客户,0
S13200,22,19,11097900.0,3,4,4,11,核心客户,0
S13202,14,6,4323822.0,3,2,3,8,重要客户,0
S13205,115,2,2368819.0,1,1,2,4,流失风险,1
S13222,133,3,1759695.0,1,1,1,3,流失风险,1
S13232,69,2,1483572.0,1,1,1,3,流失风险,1
S13234,10,15,8378049.0,4,4,4,12,核心客户,0
S13235,72,9,3591436.0,1,3,3,7,重要客户,0
S13238,21,7,2401658.0,3,2,2,7,重要客户,0
S13244,13,14,8270324.0,3,4,4,11,核心客户,0
S13257,9,11,3891237.0,4,4,3,11,核心客户,0
S13259,122,3,645925.0,1,1,1,3,流失风险,1
S13266,15,10,4662074.0,3,3,3,9,重要客户,0
S13281,4,7,3746023.0,4,2,3,9,重要客户,0
S13287,35,14,6384700.0,2,4,4,10,核心客户,0
S13298,11,9,4966017.0,3,3,3,9,重要客户,0
S13312,47,7,2560922.0,1,2,2,5,一般客户,0
S13359,92,4,2293300.0,1,1,2,4,流失风险,1
S13380,7,7,4090497.0,4,2,3,9,重要客户,0
S13440,55,10,5236371.0,1,3,4,8,重要客户,0
S13453,36,6,2415248.0,2,2,2,6,一般客户,0
S13467,15,3,1720711.0,3,1,1,5,一般客户,0
S13473,1,4,834163.0,4,1,1,6,一般客户,0
S13487,53,7,4408935.0,1,2,3,6,一般客户,0
S13492,69,7,3505104.0,1,2,3,6,一般客户,0
S13498,7,8,4847030.0,4,3,3,10,核心客户,0
S13509,54,3,1140269.0,1,1,1,3,流失风险,1
S13524,17,5,1768016.0,3,2,1,6,一般客户,0
S13535,61,3,1695896.0,1,1,1,3,流失风险,1
S13539,49,6,2012955.0,1,2,1,4,流失风险,1
S13554,2,8,2593259.0,4,3,2,9,重要客户,0
S13568,35,10,5221430.0,2,3,4,9,重要客户,0
S13571,20,8,3953736.0,3,3,3,9,重要客户,0
S13578,8,15,7095378.0,4,4,4,12,核心客户,0
S13589,22,3,1030727.0,3,1,1,5,一般客户,0
S13622,45,4,1806222.0,2,1,1,4,流失风险,1
S13627,23,9,5003087.0,3,3,3,9,重要客户,0
S13642,20,6,2060698.0,3,2,1,6,一般客户,0
S13643,21,6,3206598.0,3,2,2,7,重要客户,0
S13654,26,4,2629272.0,2,1,2,5,一般客户,0
S13664,69,10,4669751.0,1,3,3,7,重要客户,0
S13676,4,7,2031983.0,4,2,1,7,重要客户,0
S13701,14,9,5008563.0,3,3,3,9,重要客户,0
S13711,71,7,3398895.0,1,2,3,6,一般客户,0
S13712,4,7,2962225.0,4,2,2,8,重要客户,0
S13716,5,10,4952730.0,4,3,3,10,核心客户,0
S13734,8,12,5053739.0,4,4,3,11,核心客户,0
S13766,36,4,1907887.0,2,1,1,4,流失风险,1
S13768,34,4,1443846.0,2,1,1,4,流失风险,1
S13775,78,3,1726209.0,1,1,1,3,流失风险,1
S13780,2,7,3696831.0,4,2,3,9,重要客户,0
S13795,18,6,1992546.0,3,2,1,6,一般客户,0
S13802,7,7,4438961.0,4,2,3,9,重要客户,0
S13810,44,3,1393635.0,2,1,1,4,流失风险,1
S13825,18,4,2006187.0,3,1,1,5,一般客户,0
S13839,19,6,3057519.0,3,2,2,7,重要客户,0
S13850,49,3,662770.0,1,1,1,3,流失风险,1
S13861,46,3,1581863.0,1,1,1,3,流失风险,1
S13862,79,3,1307686.0,1,1,1,3,流失风险,1
S13870,1,10,4815613.0,4,3,3,10,核心客户,0
S13871,21,5,3594616.0,3,2,3,8,重要客户,0
S13886,37,10,5652192.0,2,3,4,9,重要客户,0
S13900,59,4,1860344.0,1,1,1,3,流失风险,1
S13928,16,3,1395265.0,3,1,1,5,一般客户,0
S13934,30,7,2977390.0,2,2,2,6,一般客户,0
S13966,28,5,3062032.0,2,2,2,6,一般客户,0
S13981,29,4,2418082.0,2,1,2,5,一般客户,0
S14004,56,6,2687756.0,1,2,2,5,一般客户,0
S14033,4,6,2950478.0,4,2,2,8,重要客户,0
S14049,15,3,1455535.0,3,1,1,5,一般客户,0
S14052,21,14,8010373.0,3,4,4,11,核心客户,0
S14059,32,9,6436567.0,2,3,4,9,重要客户,0
S14068,27,3,1267892.0,2,1,1,4,流失风险,1
S14069,124,3,1144624.0,1,1,1,3,流失风险,1
S14106,19,15,8479799.0,3,4,4,11,核心客户,0
S14115,40,7,2528990.0,2,2,2,6,一般客户,0
S14137,1,10,5522367.0,4,3,4,11,核心客户,0
S14150,24,4,1865752.0,2,1,1,4,流失风险,1
S14207,30,8,3282321.0,2,3,2,7,重要客户,0
S14213,27,17,7418353.0,2,4,4,10,核心客户,0
S14231,26,12,7232280.0,2,4,4,10,核心客户,0
S14250,23,9,5482159.0,3,3,4,10,核心客户,0
S14258,58,9,5148216.0,1,3,4,8,重要客户,0
S14260,22,5,1730265.0,3,2,1,6,一般客户,0
S14268,23,6,3223099.0,3,2,2,7,重要客户,0
S14278,25,5,3266514.0,2,2,2,6,一般客户,0
S14280,7,6,2946535.0,4,2,2,8,重要客户,0
S14308,58,9,6167812.0,1,3,4,8,重要客户,0
S14311,41,4,2099929.0,2,1,2,5,一般客户,0
S14313,1,15,6678223.0,4,4,4,12,核心客户,0
S14319,43,7,3204857.0,2,2,2,6,一般客户,0
S14321,2,8,2344201.0,4,3,2,9,重要客户,0
S14322,27,4,2343087.0,2,1,2,5,一般客户,0
S14335,33,7,3022452.0,2,2,2,6,一般客户,0
S14339,74,6,1674636.0,1,2,1,4,流失风险,1
S14357,44,7,3116932.0,2,2,2,6,一般客户,0
S14362,50,8,4803207.0,1,3,3,7,重要客户,0
S14370,115,2,1773817.0,1,1,1,3,流失风险,1
S14376,13,17,5746365.0,3,4,4,11,核心客户,0
S14389,49,10,5122037.0,1,3,4,8,重要客户,0
S14393,31,4,1979885.0,2,1,1,4,流失风险,1
S14412,111,7,4098841.0,1,2,3,6,一般客户,0
S14421,1,15,6291618.0,4,4,4,12,核心客户,0
S14422,31,6,5922529.0,2,2,4,8,重要客户,0
S14424,48,2,1087385.0,1,1,1,3,流失风险,1
S14444,1,16,6582929.0,4,4,4,12,核心客户,0
S14453,7,15,7401804.0,4,4,4,12,核心客户,0
S14454,22,6,2131486.0,3,2,2,7,重要客户,0
S14495,41,6,3319465.0,2,2,2,6,一般客户,0
S14503,7,13,6210698.0,4,4,4,12,核心客户,0
S14506,38,7,3166146.0,2,2,2,6,一般客户,0
S14517,29,7,2743278.0,2,2,2,6,一般客户,0
S14525,5,10,4232154.0,4,3,3,10,核心客户,0
S14536,60,3,1729832.0,1,1,1,3,流失风险,1
S14543,35,8,4055428.0,2,3,3,8,重要客户,0
S14544,56,7,3344697.0,1,2,3,6,一般客户,0
S14563,57,4,1548623.0,1,1,1,3,流失风险,1
S14593,14,9,5830225.0,3,3,4,10,核心客户,0
S14630,37,12,5310820.0,2,4,4,10,核心客户,0
S14649,27,13,7049495.0,2,4,4,10,核心客户,0
S14664,6,8,3409765.0,4,3,3,10,核心客户,0
S14681,125,3,1409069.0,1,1,1,3,流失风险,1
S14689,10,10,2653444.0,4,3,2,9,重要客户,0
S14732,37,4,1062765.0,2,1,1,4,流失风险,1
S14741,9,12,5198453.0,4,4,4,12,核心客户,0
S14742,14,7,3128160.0,3,2,2,7,重要客户,0
S14743,5,10,2670789.0,4,3,2,9,重要客户,0
S14744,22,9,4842245.0,3,3,3,9,重要客户,0
S14760,41,3,1480980.0,2,1,1,4,流失风险,1
S14775,20,13,7068274.0,3,4,4,11,核心客户,0
S14776,11,4,2596176.0,3,1,2,6,一般客户,0
S14783,45,12,7079652.0,2,4,4,10,核心客户,0
S14812,3,12,4857445.0,4,4,3,11,核心客户,0
S14821,39,5,905123.0,2,2,1,5,一般客户,0
S14823,33,11,5739443.0,2,4,4,10,核心客户,0
S14831,7,8,4145433.0,4,3,3,10,核心客户,0
S14838,42,14,6889291.0,2,4,4,10,核心客户,0
S14854,22,8,4451004.0,3,3,3,9,重要客户,0
S14880,17,7,3312984.0,3,2,2,7,重要客户,0
S14892,42,7,4477843.0,2,2,3,7,重要客户,0
S14898,31,4,2871651.0,2,1,2,5,一般客户,0
S14899,40,3,1052993.0,2,1,1,4,流失风险,1
S14911,27,13,7215163.0,2,4,4,10,核心客户,0
S14915,70,3,1998696.0,1,1,1,3,流失风险,1
S14926,8,8,3352321.0,4,3,3,10,核心客户,0
S14947,13,6,3108133.0,3,2,2,7,重要客户,0
S14953,3,12,4886863.0,4,4,3,11,核心客户,0
S14974,4,4,1121266.0,4,1,1,6,一般客户,0
S15000,22,6,1480683.0,3,2,1,6,一般客户,0
S15010,104,4,2428342.0,1,1,2,4,流失风险,1
S15014,32,18,8666086.0,2,4,4,10,核心客户,0
S15026,52,6,1818881.0,1,2,1,4,流失风险,1
S15036,14,13,6194971.0,3,4,4,11,核心客户,0
S15037,74,9,4220478.0,1,3,3,7,重要客户,0
S15043,3,6,2157026.0,4,2,2,8,重要客户,0
S15050,93,5,2692334.0,1,2,2,5,一般客户,0
S15064,41,3,691514.0,2,1,1,4,流失风险,1
S15066,5,9,3914824.0,4,3,3,10,核心客户,0
S15071,21,7,2728352.0,3,2,2,7,重要客户,0
S15085,54,6,2609281.0,1,2,2,5,一般客户,0
S15089,47,3,874862.0,1,1,1,3,流失风险,1
S15092,44,6,3407329.0,2,2,3,7,重要客户,0
S15103,61,9,4391898.0,1,3,3,7,重要客户,0
S15104,14,4,2214433.0,3,1,2,6,一般客户,0
S15105,73,9,5329781.0,1,3,4,8,重要客户,0
S15116,1,8,3973905.0,4,3,3,10,核心客户,0
S15125,43,12,6526612.0,2,4,4,10,核心客户,0
S15128,14,14,6236935.0,3,4,4,11,核心客户,0
S15155,4,21,9797399.0,4,4,4,12,核心客户,0
S15175,24,13,6178911.0,2,4,4,10,核心客户,0
S15187,19,5,3500782.0,3,2,3,8,重要客户,0
S15200,28,7,4017932.0,2,2,3,7,重要客户,0
S15251,12,3,2789615.0,3,1,2,6,一般客户,0
S15265,8,7,2605914.0,4,2,2,8,重要客户,0
S15275,12,13,7376033.0,3,4,4,11,核心客户,0
S15280,11,7,4079819.0,3,2,3,8,重要客户,0
S15283,49,7,2748422.0,1,2,2,5,一般客户,0
S15291,99,2,651070.0,1,1,1,3,流失风险,1
S15310,38,9,5046902.0,2,3,3,8,重要客户,0
S15315,115,2,967864.0,1,1,1,3,流失风险,1
S15317,21,9,3607984.0,3,3,3,9,重要客户,0
S15320,11,13,8755617.0,3,4,4,11,核心客户,0
S15332,35,13,6752075.0,2,4,4,10,核心客户,0
S15344,8,4,1021687.0,4,1,1,6,一般客户,0
S15352,44,11,7012598.0,2,4,4,10,核心客户,0
S15361,17,19,6316386.0,3,4,4,11,核心客户,0
S15407,53,7,3764839.0,1,2,3,6,一般客户,0
S15410,28,6,3343639.0,2,2,2,6,一般客户,0
S15411,27,5,2824409.0,2,2,2,6,一般客户,0
S15417,9,7,3821227.0,4,2,3,9,重要客户,0
S15439,21,6,3557402.0,3,2,3,8,重要客户,0
S15443,41,6,2652965.0,2,2,2,6,一般客户,0
S15466,15,17,8839695.0,3,4,4,11,核心客户,0
S15489,19,11,4995876.0,3,4,3,10,核心客户,0
S15501,10,18,8328827.0,4,4,4,12,核心客户,0
S15515,18,7,4235866.0,3,2,3,8,重要客户,0
S15522,119,2,1024595.0,1,1,1,3,流失风险,1
S15527,26,7,2903656.0,2,2,2,6,一般客户,0
S15535,1,15,7788376.0,4,4,4,12,核心客户,0
S15549,22,7,3247453.0,3,2,2,7,重要客户,0
S15553,76,3,1260715.0,1,1,1,3,流失风险,1
S15563,131,4,3080587.0,1,1,2,4,流失风险,1
S15591,39,18,7995151.0,2,4,4,10,核心客户,0
S15592,69,4,1690453.0,1,1,1,3,流失风险,1
S15600,45,8,5720406.0,2,3,4,9,重要客户,0
S15604,5,9,6255759.0,4,3,4,11,核心客户,0
S15608,23,7,3021955.0,3,2,2,7,重要客户,0
S15631,18,10,5860180.0,3,3,4,10,核心客户,0
S15632,6,11,6743941.0,4,4,4,12,核心客户,0
S15638,2,10,6603991.0,4,3,4,11,核心客户,0
S15639,39,6,2694807.0,2,2,2,6,一般客户,0
S15642,19,16,10984985.0,3,4,4,11,核心客户,0
S15649,31,6,3011420.0,2,2,2,6,一般客户,0
S15702,5,3,781489.0,4,1,1,6,一般客户,0
S15707,40,7,2408889.0,2,2,2,6,一般客户,0
S15710,33,8,3980239.0,2,3,3,8,重要客户,0
S15715,14,3,2594902.0,3,1,2,6,一般客户,0
S15731,69,1,403503.0,1,1,1,3,流失风险,1
S15732,6,8,4456900.0,4,3,3,10,核心客户,0
S15762,4,5,2774011.0,4,2,2,8,重要客户,0
S15789,18,3,1777658.0,3,1,1,5,一般客户,0
S15803,33,17,7461837.0,2,4,4,10,核心客户,0
S15840,38,3,2353717.0,2,1,2,5,一般客户,0
S15852,5,15,8342069.0,4,4,4,12,核心客户,0
S15863,17,8,5819230.0,3,3,4,10,核心客户,0
S15865,44,8,3404949.0,2,3,3,8,重要客户,0
S15878,30,12,7937460.0,2,4,4,10,核心客户,0
S15879,32,5,1470779.0,2,2,1,5,一般客户,0
S15889,8,7,2342571.0,4,2,2,8,重要客户,0
S15901,28,7,3077702.0,2,2,2,6,一般客户,0
S15908,10,9,5961398.0,4,3,4,11,核心客户,0
S15910,55,6,2007950.0,1,2,1,4,流失风险,1
S15935,70,3,363336.0,1,1,1,3,流失风险,1
S15944,47,3,1352494.0,1,1,1,3,流失风险,1
S15958,21,3,993346.0,3,1,1,5,一般客户,0
S15966,51,9,5031067.0,1,3,3,7,重要客户,0
S15969,7,10,7007968.0,4,3,4,11,核心客户,0
S16055,22,6,3371495.0,3,2,3,8,重要客户,0
S16068,27,4,2440517.0,2,1,2,5,一般客户,0
S16071,36,6,3268761.0,2,2,2,6,一般客户,0
S16106,17,6,3045827.0,3,2,2,7,重要客户,0
S16115,94,3,1530459.0,1,1,1,3,流失风险,1
S16124,11,9,3754879.0,3,3,3,9,重要客户,0
S16129,16,7,2846261.0,3,2,2,7,重要客户,0
S16130,7,10,5851236.0,4,3,4,11,核心客户,0
S16143,56,4,1701700.0,1,1,1,3,流失风险,1
S16149,4,10,4050101.0,4,3,3,10,核心客户,0
S16157,154,3,976539.0,1,1,1,3,流失风险,1
S16170,9,8,2733842.0,4,3,2,9,重要客户,0
S16184,13,11,3658829.0,3,4,3,10,核心客户,0
S16189,70,7,3267044.0,1,2,2,5,一般客户,0
S16197,44,3,1716337.0,2,1,1,4,流失风险,1
S16233,30,4,1686949.0,2,1,1,4,流失风险,1
S16237,23,11,4549951.0,3,4,3,10,核心客户,0
S16243,91,3,761121.0,1,1,1,3,流失风险,1
S16244,29,5,2200322.0,2,2,2,6,一般客户,0
S16281,4,10,5501274.0,4,3,4,11,核心客户,0
S16284,62,2,1293507.0,1,1,1,3,流失风险,1
S16286,20,10,4009108.0,3,3,3,9,重要客户,0
S16292,9,11,5288440.0,4,4,4,12,核心客户,0
S16308,31,7,2900696.0,2,3,2,7,重要客户,0
S16310,10,8,4390047.0,4,3,3,10,核心客户,0
S16312,44,6,2300841.0,2,2,2,6,一般客户,0
S16318,76,3,2091204.0,1,1,2,4,流失风险,1
S16319,7,4,2034837.0,4,1,1,6,一般客户,0
S16330,4,12,6262031.0,4,4,4,12,核心客户,0
S16365,16,11,7948413.0,3,4,4,11,核心客户,0
S16388,27,3,1152527.0,2,1,1,4,流失风险,1
S16400,11,4,1276802.0,3,1,1,5,一般客户,0
S16423,9,6,2660286.0,4,2,2,8,重要客户,0
S16440,49,7,3808238.0,1,3,3,7,重要客户,0
S16465,4,5,1726896.0,4,2,1,7,重要客户,0
S16477,2,4,2418278.0,4,1,2,7,重要客户,0
S16478,8,14,8469909.0,4,4,4,12,核心客户,0
S16488,9,14,6463271.0,4,4,4,12,核心客户,0
S16489,6,8,3189943.0,4,3,2,9,重要客户,0
S16493,7,9,3731110.0,4,3,3,10,核心客户,0
S16503,177,2,1350041.0,1,1,1,3,流失风险,1
S16507,38,8,4436366.0,2,3,3,8,重要客户,0
S16510,41,14,5354941.0,2,4,4,10,核心客户,0
S16548,19,6,4318940.0,3,2,3,8,重要客户,0
S16573,5,12,6263768.0,4,4,4,12,核心客户,0
S16577,46,3,2392618.0,1,1,2,4,流失风险,1
S16592,36,4,2361909.0,2,1,2,5,一般客户,0
S16596,95,3,1394971.0,1,1,1,3,流失风险,1
S16628,17,5,1314998.0,3,2,1,6,一般客户,0
S16637,38,11,5374000.0,2,4,4,10,核心客户,0
S16639,10,9,3942561.0,4,3,3,10,核心客户,0
S16649,41,8,3317259.0,2,3,2,7,重要客户,0
S16650,33,8,5199610.0,2,3,4,9,重要客户,0
S16659,72,3,975371.0,1,1,1,3,流失风险,1
S16669,80,7,3962164.0,1,3,3,7,重要客户,0
S16672,9,5,2453171.0,4,2,2,8,重要客户,0
S16703,13,11,4987650.0,3,4,3,10,核心客户,0
S16709,2,7,4349329.0,4,3,3,10,核心客户,0
S16748,23,8,3795767.0,3,3,3,9,重要客户,0
S16775,63,7,4060749.0,1,3,3,7,重要客户,0
S16804,79,8,2910915.0,1,3,2,6,一般客户,0
S16806,32,9,5323543.0,2,3,4,9,重要客户,0
S16825,8,6,2441911.0,4,2,2,8,重要客户,0
S16830,116,3,1191382.0,1,1,1,3,流失风险,1
S16843,22,7,3984800.0,3,3,3,9,重要客户,0
S16848,85,4,794978.0,1,1,1,3,流失风险,1
S16856,11,7,2172992.0,3,3,2,8,重要客户,0
S16884,42,6,1880238.0,2,2,1,5,一般客户,0
S16891,40,3,1024284.0,2,1,1,4,流失风险,1
S16910,29,7,3254187.0,2,3,2,7,重要客户,0
S16915,7,10,5408973.0,4,3,4,11,核心客户,0
S16924,2,3,832400.0,4,1,1,6,一般客户,0
S16925,6,6,2788815.0,4,2,2,8,重要客户,0
S16940,24,6,2529147.0,2,2,2,6,一般客户,0
S16943,5,8,4767948.0,4,3,3,10,核心客户,0
S16975,58,3,2155391.0,1,1,2,4,流失风险,1
S17015,9,5,1873954.0,4,2,1,7,重要客户,0
S17016,36,7,4547768.0,2,3,3,8,重要客户,0
S17021,5,15,6637076.0,4,4,4,12,核心客户,0
S17028,8,7,3635219.0,4,3,3,10,核心客户,0
S17044,32,9,4899829.0,2,3,3,8,重要客户,0
S17046,9,11,6255316.0,4,4,4,12,核心客户,0
S17057,4,9,4250079.0,4,3,3,10,核心客户,0
S17063,52,7,2992746.0,1,3,2,6,一般客户,0
S17070,2,7,3599008.0,4,3,3,10,核心客户,0
S17072,2,12,6400045.0,4,4,4,12,核心客户,0
S17092,100,4,1558712.0,1,1,1,3,流失风险,1
S17095,52,6,2405033.0,1,2,2,5,一般客户,0
S17133,1,8,3827729.0,4,3,3,10,核心客户,0
S17136,14,6,1839289.0,3,2,1,6,一般客户,0
S17140,11,6,4401081.0,3,2,3,8,重要客户,0
S17150,41,7,4332993.0,2,3,3,8,重要客户,0
S17159,5,7,2448755.0,4,3,2,9,重要客户,0
S17166,1,6,3627037.0,4,2,3,9,重要客户,0
S17168,82,4,2402007.0,1,1,2,4,流失风险,1
S17175,25,6,2790973.0,2,2,2,6,一般客户,0
S17181,39,8,3185800.0,2,3,2,7,重要客户,0
S17191,5,9,2370507.0,4,3,2,9,重要客户,0
S17197,40,7,3238764.0,2,3,2,7,重要客户,0
S17198,45,3,1360360.0,2,1,1,4,流失风险,1
S17207,23,4,2264023.0,3,1,2,6,一般客户,0
S17229,7,10,4705725.0,4,3,3,10,核心客户,0
S17236,38,7,2842221.0,2,3,2,7,重要客户,0
S17243,9,9,4287825.0,4,3,3,10,核心客户,0
S17255,37,3,2137835.0,2,1,2,5,一般客户,0
S17261,2,10,5181800.0,4,3,4,11,核心客户,0
S17269,56,3,1981109.0,1,1,1,3,流失风险,1
S17272,46,13,6089384.0,1,4,4,9,重要客户,0
S17280,114,2,934758.0,1,1,1,3,流失风险,1
S17292,6,5,2987967.0,4,2,2,8,重要客户,0
S17309,33,4,2238131.0,2,1,2,5,一般客户,0
S17322,24,6,2732100.0,2,2,2,6,一般客户,0
S17323,21,8,3694679.0,3,3,3,9,重要客户,0
S17325,57,3,2037106.0,1,1,1,3,流失风险,1
S17327,32,5,2340135.0,2,2,2,6,一般客户,0
S17329,13,2,1323327.0,3,1,1,5,一般客户,0
S17338,24,7,2237066.0,2,3,2,7,重要客户,0
S17365,52,2,816242.0,1,1,1,3,流失风险,1
S17375,27,6,2993332.0,2,2,2,6,一般客户,0
S17378,40,4,2252508.0,2,1,2,5,一般客户,0
S17389,23,7,5022849.0,3,3,3,9,重要客户,0
S17399,3,8,3306795.0,4,3,2,9,重要客户,0
S17401,81,3,1351510.0,1,1,1,3,流失风险,1
S17406,60,11,6737384.0,1,4,4,9,重要客户,0
S17439,67,3,1306487.0,1,1,1,3,流失风险,1
S17452,107,2,762602.0,1,1,1,3,流失风险,1
S17455,23,6,2179434.0,3,2,2,7,重要客户,0
S17463,48,4,2582202.0,1,1,2,4,流失风险,1
S17465,25,11,5026089.0,2,4,3,9,重要客户,0
S17471,22,9,4233727.0,3,3,3,9,重要客户,0
S17476,1,21,8784969.0,4,4,4,12,核心客户,0
S17515,26,5,1775785.0,2,2,1,5,一般客户,0
S17547,238,2,965415.0,1,1,1,3,流失风险,1
S17553,10,12,5591036.0,4,4,4,12,核心客户,0
S17555,55,7,3452085.0,1,3,3,7,重要客户,0
S17559,28,16,7234540.0,2,4,4,10,核心客户,0
S17565,148,5,2535624.0,1,2,2,5,一般客户,0
S17575,2,10,5365007.0,4,3,4,11,核心客户,0
S17589,65,3,1856450.0,1,1,1,3,流失风险,1
S17593,73,3,1210683.0,1,1,1,3,流失风险,1
S17602,67,5,1932532.0,1,2,1,4,流失风险,1
S17606,50,5,2614813.0,1,2,2,5,一般客户,0
S17622,34,7,3409797.0,2,3,3,8,重要客户,0
S17631,38,10,4436337.0,2,3,3,8,重要客户,0
S17640,37,4,1454850.0,2,1,1,4,流失风险,1
S17651,20,15,9636074.0,3,4,4,11,核心客户,0
S17656,17,7,4759318.0,3,3,3,9,重要客户,0
S17675,15,9,4939674.0,3,3,3,9,重要客户,0
S17681,2,8,3633855.0,4,3,3,10,核心客户,0
S17686,22,5,2358976.0,3,2,2,7,重要客户,0
S17717,35,3,786567.0,2,1,1,4,流失风险,1
S17720,39,12,6015705.0,2,4,4,10,核心客户,0
S17729,13,14,9017339.0,3,4,4,11,核心客户,0
S17750,26,3,2227591.0,2,1,2,5,一般客户,0
S17751,94,3,1621851.0,1,1,1,3,流失风险,1
S17785,78,4,803472.0,1,1,1,3,流失风险,1
S17807,84,6,2197050.0,1,2,2,5,一般客户,0
S17812,2,17,6901237.0,4,4,4,12,核心客户,0
S17819,39,9,4588573.0,2,3,3,8,重要客户,0
S17820,71,3,2411261.0,1,1,2,4,流失风险,1
S17824,36,9,4251119.0,2,3,3,8,重要客户,0
S17833,9,7,5688964.0,4,3,4,11,核心客户,0
S17841,11,15,7414942.0,3,4,4,11,核心客户,0
S17864,7,9,4574941.0,4,3,3,10,核心客户,0
S17873,27,4,2962041.0,2,1,2,5,一般客户,0
S17903,36,4,2388818.0,2,1,2,5,一般客户,0
S17910,30,6,2517457.0,2,2,2,6,一般客户,0
S17936,6,15,8916587.0,4,4,4,12,核心客户,0
S17942,6,13,6095047.0,4,4,4,12,核心客户,0
S17946,20,7,4331747.0,3,3,3,9,重要客户,0
S17953,3,18,8375785.0,4,4,4,12,核心客户,0
S17955,84,3,1933465.0,1,1,1,3,流失风险,1
S17973,92,4,1173296.0,1,1,1,3,流失风险,1
S17985,19,11,4482187.0,3,4,3,10,核心客户,0
S18003,18,14,9622955.0,3,4,4,11,核心客户,0
S18019,5,4,2240911.0,4,1,2,7,重要客户,0
S18020,37,6,2907841.0,2,2,2,6,一般客户,0
S18023,26,10,4993374.0,2,3,3,8,重要客户,0
S18044,15,6,2590042.0,3,2,2,7,重要客户,0
S18062,23,10,6451871.0,3,3,4,10,核心客户,0
S18086,20,2,2081977.0,3,1,2,6,一般客户,0
S18089,47,2,615152.0,1,1,1,3,流失风险,1
S18090,144,4,1279609.0,1,1,1,3,流失风险,1
S18111,29,9,3812220.0,2,3,3,8,重要客户,0
S18131,6,11,8330623.0,4,4,4,12,核心客户,0
S18132,2,10,5875502.0,4,3,4,11,核心客户,0
S18164,4,9,3835674.0,4,3,3,10,核心客户,0
S18179,33,10,5235667.0,2,4,4,10,核心客户,0
S18189,8,11,4237228.0,4,4,3,11,核心客户,0
S18190,77,3,870253.0,1,1,1,3,流失风险,1
S18197,36,13,8004080.0,2,4,4,10,核心客户,0
S18224,8,14,7416144.0,4,4,4,12,核心客户,0
S18227,32,4,2479622.0,2,1,2,5,一般客户,0
S18263,75,4,611462.0,1,1,1,3,流失风险,1
S18277,61,3,2138299.0,1,1,2,4,流失风险,1
S18351,10,12,7911343.0,4,4,4,12,核心客户,0
S18360,1,4,2141652.0,4,1,2,7,重要客户,0
S18364,79,6,3574111.0,1,2,3,6,一般客户,0
S18379,88,3,400195.0,1,1,1,3,流失风险,1
S18388,5,12,6827726.0,4,4,4,12,核心客户,0
S18395,51,11,8154201.0,1,4,4,9,重要客户,0
S18398,1,4,1509763.0,4,1,1,6,一般客户,0
S18400,2,7,3884245.0,4,3,3,10,核心客户,0
S18419,23,3,2540298.0,3,1,2,6,一般客户,0
S18429,11,12,6782767.0,3,4,4,11,核心客户,0
S18445,1,16,8089193.0,4,4,4,12,核心客户,0
S18472,4,4,1597498.0,4,1,1,6,一般客户,0
S18495,39,9,4337093.0,2,3,3,8,重要客户,0
S18506,3,9,2640601.0,4,3,2,9,重要客户,0
S18507,1,10,7490265.0,4,4,4,12,核心客户,0
S18519,6,4,2064874.0,4,1,1,6,一般客户,0
S18552,48,7,3087587.0,1,3,2,6,一般客户,0
S18569,44,6,3199450.0,2,2,2,6,一般客户,0
S18571,140,5,1420524.0,1,2,1,4,流失风险,1
S18573,23,5,2426212.0,3,2,2,7,重要客户,0
S18595,2,6,4098603.0,4,2,3,9,重要客户,0
S18601,4,3,1964006.0,4,1,1,6,一般客户,0
S18606,37,12,5264900.0,2,4,4,10,核心客户,0
S18611,23,10,5290104.0,3,4,4,11,核心客户,0
S18621,5,11,5212914.0,4,4,4,12,核心客户,0
S18625,57,7,2777501.0,1,3,2,6,一般客户,0
S18634,40,3,2538000.0,2,1,2,5,一般客户,0
S18666,12,7,2678224.0,3,3,2,8,重要客户,0
S18674,45,11,7167170.0,2,4,4,10,核心客户,0
S18696,50,9,6135233.0,1,3,4,8,重要客户,0
S18701,39,4,1586692.0,2,1,1,4,流失风险,1
S18702,45,9,5001425.0,2,3,3,8,重要客户,0
S18710,101,3,1425965.0,1,1,1,3,流失风险,1
S18720,4,18,8343950.0,4,4,4,12,核心客户,0
S18730,43,3,2577593.0,2,1,2,5,一般客户,0
S18733,21,8,4147864.0,3,3,3,9,重要客户,0
S18740,34,2,1263656.0,2,1,1,4,流失风险,1
S18744,38,2,658136.0,2,1,1,4,流失风险,1
S18776,11,7,3683523.0,3,3,3,9,重要客户,0
S18810,22,12,5757615.0,3,4,4,11,核心客户,0
S18819,6,7,4137411.0,4,3,3,10,核心客户,0
S18848,19,4,1609744.0,3,1,1,5,一般客户,0
S18858,66,4,1801527.0,1,1,1,3,流失风险,1
S18863,30,8,3687272.0,2,3,3,8,重要客户,0
S18884,2,12,6696393.0,4,4,4,12,核心客户,0
S18899,30,5,2080211.0,2,2,1,5,一般客户,0
S18911,6,9,5113365.0,4,3,4,11,核心客户,0
S18936,10,16,7787283.0,4,4,4,12,核心客户,0
S18955,114,4,2520047.0,1,1,2,4,流失风险,1
S18959,18,6,3536796.0,3,2,3,8,重要客户,0
S18978,26,8,3211677.0,2,3,2,7,重要客户,0
S18979,33,6,3565129.0,2,2,3,7,重要客户,0
S19012,4,10,4754192.0,4,4,3,11,核心客户,0
S19023,102,8,2865928.0,1,3,2,6,一般客户,0
S19027,58,10,4837997.0,1,4,3,8,重要客户,0
S19039,10,9,3573614.0,4,3,3,10,核心客户,0
S19040,11,6,3204539.0,3,2,2,7,重要客户,0
S19086,26,4,1674596.0,2,2,1,5,一般客户,0
S19095,5,20,9946776.0,4,4,4,12,核心客户,0
S19110,65,3,766509.0,1,1,1,3,流失风险,1
S19117,30,6,2492297.0,2,2,2,6,一般客户,0
S19123,42,4,2589023.0,2,2,2,6,一般客户,0
S19139,49,7,3524831.0,1,3,3,7,重要客户,0
S19167,39,4,2378143.0,2,2,2,6,一般客户,0
S19170,16,9,4737614.0,3,3,3,9,重要客户,0
S19194,136,3,897901.0,1,1,1,3,流失风险,1
S19231,22,11,5308152.0,3,4,4,11,核心客户,0
S19238,36,12,5932662.0,2,4,4,10,核心客户,0
S19304,5,10,3698868.0,4,4,3,11,核心客户,0
S19309,12,15,7459556.0,3,4,4,11,核心客户,0
S19316,26,11,4340227.0,2,4,3,9,重要客户,0
S19344,14,6,3606182.0,3,2,3,8,重要客户,0
S19346,5,3,997019.0,4,1,1,6,一般客户,0
S19350,52,3,1925425.0,1,1,1,3,流失风险,1
S19375,8,11,5412124.0,4,4,4,12,核心客户,0
S19395,5,9,5948283.0,4,3,4,11,核心客户,0
S19406,71,4,2657567.0,1,2,2,5,一般客户,0
S19409,43,3,1038280.0,2,1,1,4,流失风险,1
S19426,6,17,7583459.0,4,4,4,12,核心客户,0
S19445,47,7,2714849.0,1,3,2,6,一般客户,0
S19460,3,9,4769142.0,4,3,3,10,核心客户,0
S19485,1,4,1463984.0,4,2,1,7,重要客户,0
S19493,71,7,4132068.0,1,3,3,7,重要客户,0
S19512,1,4,2520761.0,4,2,2,8,重要客户,0
S19514,5,6,3292872.0,4,2,2,8,重要客户,0
S19517,51,10,5027211.0,1,4,3,8,重要客户,0
S19533,82,6,3045666.0,1,2,2,5,一般客户,0
S19538,6,13,6829086.0,4,4,4,12,核心客户,0
S19570,43,3,1193597.0,2,1,1,4,流失风险,1
S19577,25,9,3899387.0,2,3,3,8,重要客户,0
S19579,39,11,8847798.0,2,4,4,10,核心客户,0
S19580,4,10,5146335.0,4,4,4,12,核心客户,0
S19583,17,8,4611211.0,3,3,3,9,重要客户,0
S19593,20,10,5112789.0,3,4,4,11,核心客户,0
S19605,94,5,2290653.0,1,2,2,5,一般客户,0
S19626,107,2,1026438.0,1,1,1,3,流失风险,1
S19627,43,7,4705611.0,2,3,3,8,重要客户,0
S19641,55,11,5848600.0,1,4,4,9,重要客户,0
S19657,24,16,10569468.0,2,4,4,10,核心客户,0
S19682,4,6,3780819.0,4,2,3,9,重要客户,0
S19684,46,10,5155286.0,1,4,4,9,重要客户,0
S19686,8,7,4000738.0,4,3,3,10,核心客户,0
S19688,65,3,1366376.0,1,1,1,3,流失风险,1
S19705,24,7,3278372.0,2,3,2,7,重要客户,0
S19706,31,10,5356007.0,2,4,4,10,核心客户,0
S19707,43,3,630998.0,2,1,1,4,流失风险,1
S19709,3,10,5071381.0,4,4,4,12,核心客户,0
S19718,2,8,3246991.0,4,3,2,9,重要客户,0
S19726,33,12,3767746.0,2,4,3,9,重要客户,0
S19738,37,12,4487951.0,2,4,3,9,重要客户,0
S19748,32,5,1392649.0,2,2,1,5,一般客户,0
S19759,5,10,6010817.0,4,4,4,12,核心客户,0
S19763,5,8,2947590.0,4,3,2,9,重要客户,0
S19779,20,16,7855857.0,3,4,4,11,核心客户,0
S19793,51,9,4472432.0,1,3,3,7,重要客户,0
S19794,6,9,3495633.0,4,3,3,10,核心客户,0
S19824,91,7,4639319.0,1,3,3,7,重要客户,0
S19828,1,7,1955622.0,4,3,1,8,重要客户,0
S19840,20,10,5615628.0,3,4,4,11,核心客户,0
S19851,44,6,3114608.0,2,2,2,6,一般客户,0
S19878,84,2,771387.0,1,1,1,3,流失风险,1
S19880,13,4,1049575.0,3,2,1,6,一般客户,0
S19890,11,7,4248573.0,3,3,3,9,重要客户,0
S19891,7,6,2900086.0,4,2,2,8,重要客户,0
S19916,18,9,4327486.0,3,3,3,9,重要客户,0
S19956,4,11,6938748.0,4,4,4,12,核心客户,0
S19969,54,5,2551576.0,1,2,2,5,一般客户,0
S19980,1,13,6102738.0,4,4,4,12,核心客户,0
S19982,63,6,2822007.0,1,2,2,5,一般客户,0
S20000,33,3,1392703.0,2,1,1,4,流失风险,1
S20004,2,13,5220795.0,4,4,4,12,核心客户,0
S20022,25,6,3531233.0,2,2,3,7,重要客户,0
S20033,41,4,1877576.0,2,2,1,5,一般客户,0
S20038,17,14,9851167.0,3,4,4,11,核心客户,0
S20045,95,4,1712271.0,1,2,1,4,流失风险,1
S20047,75,10,3571269.0,1,4,3,8,重要客户,0
S20055,23,7,2542006.0,3,3,2,8,重要客户,0
S20063,28,4,1643942.0,2,2,1,5,一般客户,0
S20068,40,4,3286723.0,2,2,2,6,一般客户,0
S20071,3,7,2864061.0,4,3,2,9,重要客户,0
S20083,6,14,7077877.0,4,4,4,12,核心客户,0
S20091,11,10,5310134.0,3,4,4,11,核心客户,0
S20101,1,6,4065860.0,4,2,3,9,重要客户,0
S20112,27,9,3629995.0,2,3,3,8,重要客户,0
S20114,14,9,4163353.0,3,3,3,9,重要客户,0
S20121,94,4,1851788.0,1,2,1,4,流失风险,1
S20124,15,9,5767684.0,3,3,4,10,核心客户,0
S20141,58,11,5409660.0,1,4,4,9,重要客户,0
S20157,72,2,559226.0,1,1,1,3,流失风险,1
S20162,38,9,4543502.0,2,3,3,8,重要客户,0
S20176,15,4,1398933.0,3,2,1,6,一般客户,0
S20185,1,11,4584511.0,4,4,3,11,核心客户,0
S20189,13,13,6950762.0,3,4,4,11,核心客户,0
S20229,40,10,4794290.0,2,4,3,9,重要客户,0
S20236,14,8,2863638.0,3,3,2,8,重要客户,0
S20258,29,8,2949588.0,2,3,2,7,重要客户,0
S20261,3,9,3037375.0,4,3,2,9,重要客户,0
S20267,25,8,4814745.0,2,3,3,8,重要客户,0
S20274,1,14,7572475.0,4,4,4,12,核心客户,0
S20281,11,10,5082968.0,3,4,4,11,核心客户,0
S20286,1,4,1955653.0,4,2,1,7,重要客户,0
S20293,22,10,4036612.0,3,4,3,10,核心客户,0
S20307,55,7,2539936.0,1,3,2,6,一般客户,0
S20333,80,3,2054039.0,1,1,1,3,流失风险,1
S20342,31,7,2923934.0,2,3,2,7,重要客户,0
S20363,66,6,3392419.0,1,2,3,6,一般客户,0
S20391,39,3,1789993.0,2,1,1,4,流失风险,1
S20395,32,5,2135843.0,2,2,2,6,一般客户,0
S20405,36,18,7845381.0,2,4,4,10,核心客户,0
S20417,13,15,8892219.0,3,4,4,11,核心客户,0
S20433,14,9,6170454.0,3,3,4,10,核心客户,0
S20442,23,12,5974462.0,3,4,4,11,核心客户,0
S20464,8,10,5550349.0,4,4,4,12,核心客户,0
S20497,79,9,5991394.0,1,3,4,8,重要客户,0
S20504,52,7,2413137.0,1,3,2,6,一般客户,0
S20522,34,8,5249400.0,2,3,4,9,重要客户,0
S20547,11,13,6992442.0,3,4,4,11,核心客户,0
S20579,22,4,1170210.0,3,2,1,6,一般客户,0
S20581,11,6,3355219.0,3,2,3,8,重要客户,0
S20596,77,2,758356.0,1,1,1,3,流失风险,1
S20604,14,6,2711869.0,3,2,2,7,重要客户,0
S20611,2,6,2196669.0,4,2,2,8,重要客户,0
S20614,3,8,3807295.0,4,3,3,10,核心客户,0
S20629,23,6,2342123.0,3,2,2,7,重要客户,0
S20643,7,14,6474703.0,4,4,4,12,核心客户,0
S20644,1,12,5472128.0,4,4,4,12,核心客户,0
S20654,51,3,655625.0,1,1,1,3,流失风险,1
S20663,43,16,7776296.0,2,4,4,10,核心客户,0
S20667,60,5,2669090.0,1,2,2,5,一般客户,0
S20675,16,7,4531412.0,3,3,3,9,重要客户,0
S20717,45,4,1618423.0,2,2,1,5,一般客户,0
S20740,9,5,1312423.0,4,2,1,7,重要客户,0
S20747,2,16,7765000.0,4,4,4,12,核心客户,0
S20750,38,4,1986575.0,2,2,1,5,一般客户,0
S20751,24,3,1334315.0,2,1,1,4,流失风险,1
S20784,2,8,3136792.0,4,3,2,9,重要客户,0
S20792,4,7,3111748.0,4,3,2,9,重要客户,0
S20797,35,12,4334525.0,2,4,3,9,重要客户,0
S20800,21,9,5012271.0,3,3,3,9,重要客户,0
S20802,59,3,1888265.0,1,1,1,3,流失风险,1
S20808,15,7,2569066.0,3,3,2,8,重要客户,0
S20830,23,4,2747292.0,3,2,2,7,重要客户,0
S20834,90,6,2644235.0,1,2,2,5,一般客户,0
S20837,13,13,5802001.0,3,4,4,11,核心客户,0
S20849,26,13,5506471.0,2,4,4,10,核心客户,0
S20853,31,15,7460640.0,2,4,4,10,核心客户,0
S20864,225,2,678079.0,1,1,1,3,流失风险,1
S20877,38,7,3097163.0,2,3,2,7,重要客户,0
S20878,16,5,1494672.0,3,2,1,6,一般客户,0
S20891,61,3,1495632.0,1,1,1,3,流失风险,1
S20896,6,9,5221340.0,4,3,4,11,核心客户,0
S20906,8,4,2363618.0,4,2,2,8,重要客户,0
S20933,43,11,3458688.0,2,4,3,9,重要客户,0
S20935,7,2,1296449.0,4,1,1,6,一般客户,0
S20945,75,3,351094.0,1,1,1,3,流失风险,1
S20946,15,7,3049914.0,3,3,2,8,重要客户,0
S20947,23,5,3313933.0,3,2,2,7,重要客户,0
S20955,85,3,732778.0,1,1,1,3,流失风险,1
S20992,68,3,1944612.0,1,1,1,3,流失风险,1
S20995,7,14,6759511.0,4,4,4,12,核心客户,0
S20997,23,7,3847121.0,3,3,3,9,重要客户,0
S21024,20,11,5567424.0,3,4,4,11,核心客户,0
S21036,50,7,3152243.0,1,3,2,6,一般客户,0
S21043,13,9,5605663.0,3,3,4,10,核心客户,0
S21058,8,10,3762133.0,4,4,3,11,核心客户,0
S21059,14,8,4843250.0,3,3,3,9,重要客户,0
S21120,4,3,1365255.0,4,1,1,6,一般客户,0
S21157,5,6,3382691.0,4,2,3,9,重要客户,0
S21166,3,6,2721164.0,4,2,2,8,重要客户,0
S21168,29,10,4630974.0,2,4,3,9,重要客户,0
S21193,10,3,402270.0,4,1,1,6,一般客户,0
S21216,8,3,1346459.0,4,1,1,6,一般客户,0
S21234,28,7,2989057.0,2,3,2,7,重要客户,0
S21246,6,7,3307122.0,4,3,2,9,重要客户,0
S21250,1,7,3617000.0,4,3,3,10,核心客户,0
S21255,9,11,4394947.0,4,4,3,11,核心客户,0
S21258,149,3,1172793.0,1,1,1,3,流失风险,1
S21267,11,4,2227208.0,3,2,2,7,重要客户,0
S21278,5,10,5227064.0,4,4,4,12,核心客户,0
S21315,2,6,3140571.0,4,2,2,8,重要客户,0
S21324,3,13,6071516.0,4,4,4,12,核心客户,0
S21325,8,23,11909428.0,4,4,4,12,核心客户,0
S21335,15,10,3327332.0,3,4,2,9,重要客户,0
S21358,53,11,5053177.0,1,4,3,8,重要客户,0
S21365,30,12,6294441.0,2,4,4,10,核心客户,0
S21374,19,14,6219360.0,3,4,4,11,核心客户,0
S21377,36,3,2558903.0,2,1,2,5,一般客户,0
S21383,77,6,2803451.0,1,2,2,5,一般客户,0
S21387,30,3,1864026.0,2,1,1,4,流失风险,1
S21395,79,5,3054957.0,1,2,2,5,一般客户,0
S21396,44,9,3414148.0,2,3,3,8,重要客户,0
S21405,46,6,2238387.0,1,2,2,5,一般客户,0
S21411,17,3,1834568.0,3,1,1,5,一般客户,0
S21452,148,2,555847.0,1,1,1,3,流失风险,1
S21503,106,4,2364549.0,1,2,2,5,一般客户,0
S21514,5,12,6083405.0,4,4,4,12,核心客户,0
S21521,7,11,5238461.0,4,4,4,12,核心客户,0
S21531,1,13,6847042.0,4,4,4,12,核心客户,0
S21536,1,7,2323819.0,4,3,2,9,重要客户,0
S21595,9,14,5769279.0,4,4,4,12,核心客户,0
S21647,33,6,3080249.0,2,2,2,6,一般客户,0
S21656,19,12,5840218.0,3,4,4,11,核心客户,0
S21677,19,6,3149949.0,3,2,2,7,重要客户,0
S21685,12,7,3199825.0,3,3,2,8,重要客户,0
S21696,19,8,3683381.0,3,3,3,9,重要客户,0
S21701,22,12,6134743.0,3,4,4,11,核心客户,0
S21705,23,3,1604255.0,3,1,1,5,一般客户,0
S21714,3,11,5247039.0,4,4,4,12,核心客户,0
S21735,27,11,6205340.0,2,4,4,10,核心客户,0
S21738,100,3,1516497.0,1,1,1,3,流失风险,1
S21747,25,9,4675298.0,2,3,3,8,重要客户,0
S21760,20,6,3757221.0,3,2,3,8,重要客户,0
S21763,50,4,3248890.0,1,2,2,5,一般客户,0
S21805,75,3,2113283.0,1,1,2,4,流失风险,1
S21827,157,3,1579474.0,1,1,1,3,流失风险,1
S21838,8,13,6946397.0,4,4,4,12,核心客户,0
S21846,67,4,1566788.0,1,2,1,4,流失风险,1
S21887,128,3,1361538.0,1,1,1,3,流失风险,1
S21890,16,11,5845627.0,3,4,4,11,核心客户,0
S21933,68,3,1182365.0,1,1,1,3,流失风险,1
S21939,14,13,5492669.0,3,4,4,11,核心客户,0
S21940,41,6,3317998.0,2,2,2,6,一般客户,0
S21964,3,11,4260798.0,4,4,3,11,核心客户,0
S21976,62,6,2434320.0,1,2,2,5,一般客户,0
S21980,40,3,1539944.0,2,1,1,4,流失风险,1
S21996,1,6,2337754.0,4,2,2,8,重要客户,0
S21997,161,2,886292.0,1,1,1,3,流失风险,1
S22004,47,9,3125395.0,1,3,2,6,一般客户,0
S22032,15,15,5686060.0,3,4,4,11,核心客户,0
S22035,123,2,789055.0,1,1,1,3,流失风险,1
S22050,5,3,1693141.0,4,1,1,6,一般客户,0
S22072,13,13,4943667.0,3,4,3,10,核心客户,0
S22088,61,2,645100.0,1,1,1,3,流失风险,1
S22090,16,9,3252166.0,3,3,2,8,重要客户,0
S22121,32,8,3921006.0,2,3,3,8,重要客户,0
S22123,38,10,4086397.0,2,4,3,9,重要客户,0
S22126,51,10,4427389.0,1,4,3,8,重要客户,0
S22142,43,3,1777726.0,2,1,1,4,流失风险,1
S22146,74,5,3370031.0,1,2,3,6,一般客户,0
S22152,119,3,1826746.0,1,1,1,3,流失风险,1
S22155,54,7,2446681.0,1,3,2,6,一般客户,0
S22161,30,6,2636525.0,2,2,2,6,一般客户,0
S22173,16,13,6471388.0,3,4,4,11,核心客户,0
S22188,26,11,5120688.0,2,4,4,10,核心客户,0
S22214,19,11,4515369.0,3,4,3,10,核心客户,0
S22253,18,5,2512858.0,3,2,2,7,重要客户,0
S22256,58,9,4453078.0,1,3,3,7,重要客户,0
S22258,18,10,3660070.0,3,4,3,10,核心客户,0
S22259,38,7,1957237.0,2,3,1,6,一般客户,0
S22268,4,7,3562384.0,4,3,3,10,核心客户,0
S22269,5,10,5799458.0,4,4,4,12,核心客户,0
S22272,25,6,2433727.0,2,2,2,6,一般客户,0
S22274,38,3,2004032.0,2,1,1,4,流失风险,1
S22287,1,3,720165.0,4,1,1,6,一般客户,0
S22289,6,13,6868469.0,4,4,4,12,核心客户,0
S22297,39,10,5407786.0,2,4,4,10,核心客户,0
S22301,14,13,5511754.0,3,4,4,11,核心客户,0
S22326,1,13,8333834.0,4,4,4,12,核心客户,0
S22350,11,11,5006536.0,3,4,3,10,核心客户,0
S22374,38,3,755467.0,2,1,1,4,流失风险,1
S22391,2,13,7766918.0,4,4,4,12,核心客户,0
S22399,3,12,6317134.0,4,4,4,12,核心客户,0
S22401,56,3,1149686.0,1,1,1,3,流失风险,1
S22423,3,10,5421826.0,4,4,4,12,核心客户,0
S22442,12,10,4905454.0,3,4,3,10,核心客户,0
S22445,17,11,6301947.0,3,4,4,11,核心客户,0
S22502,12,11,5213533.0,3,4,4,11,核心客户,0
S22510,102,3,1745707.0,1,1,1,3,流失风险,1
S22515,1,10,4729372.0,4,4,3,11,核心客户,0
S22524,12,10,4308191.0,3,4,3,10,核心客户,0
S22553,14,10,7865622.0,3,4,4,11,核心客户,0
S22562,84,8,3494639.0,1,3,3,7,重要客户,0
S22577,82,7,3259601.0,1,3,2,6,一般客户,0
S22578,8,14,5159664.0,4,4,4,12,核心客户,0
S22618,14,7,3467132.0,3,3,3,9,重要客户,0
S22623,14,6,2752281.0,3,2,2,7,重要客户,0
S22631,25,7,6727449.0,2,3,4,9,重要客户,0
S22640,43,6,3427472.0,2,2,3,7,重要客户,0
S22659,44,9,5533450.0,2,3,4,9,重要客户,0
S22660,22,8,4797422.0,3,3,3,9,重要客户,0
S22665,31,3,1082916.0,2,1,1,4,流失风险,1
S22679,22,10,5041038.0,3,4,3,10,核心客户,0
S22680,15,7,2963429.0,3,3,2,8,重要客户,0
S22693,8,7,3705104.0,4,3,3,10,核心客户,0
S22695,41,5,2557353.0,2,2,2,6,一般客户,0
S22702,23,11,5242388.0,3,4,4,11,核心客户,0
S22706,21,15,6064712.0,3,4,4,11,核心客户,0
S22714,7,8,4579137.0,4,3,3,10,核心客户,0
S22743,26,7,4186252.0,2,3,3,8,重要客户,0
S22744,1,15,7249028.0,4,4,4,12,核心客户,0
S22753,13,10,3020081.0,3,4,2,9,重要客户,0
S22773,14,17,10399470.0,3,4,4,11,核心客户,0
S22793,5,12,5601422.0,4,4,4,12,核心客户,0
S22796,28,12,7983943.0,2,4,4,10,核心客户,0
S22813,93,9,3137148.0,1,3,2,6,一般客户,0
S22814,5,11,5007379.0,4,4,3,11,核心客户,0
S22825,46,4,995423.0,1,2,1,4,流失风险,1
S22845,14,9,2627146.0,3,3,2,8,重要客户,0
S22854,23,10,5474010.0,3,4,4,11,核心客户,0
S22878,91,3,696614.0,1,1,1,3,流失风险,1
S22885,70,3,906506.0,1,1,1,3,流失风险,1
S22887,1,12,5230776.0,4,4,4,12,核心客户,0
S22919,55,7,1696326.0,1,3,1,5,一般客户,0
S22925,1,7,3449117.0,4,3,3,10,核心客户,0
S22930,48,7,3798448.0,1,3,3,7,重要客户,0
S22955,8,10,4192388.0,4,4,3,11,核心客户,0
S22960,11,11,3724366.0,3,4,3,10,核心客户,0
S22963,4,11,5731252.0,4,4,4,12,核心客户,0
S22968,12,3,1815858.0,3,1,1,5,一般客户,0
S22973,67,5,4622115.0,1,2,3,6,一般客户,0
S22984,13,13,6126324.0,3,4,4,11,核心客户,0
S23002,6,8,4108113.0,4,3,3,10,核心客户,0
S23003,57,6,3726475.0,1,2,3,6,一般客户,0
S23008,60,2,590293.0,1,1,1,3,流失风险,1
S23010,8,4,2099264.0,4,2,2,8,重要客户,0
S23019,26,7,4178765.0,2,3,3,8,重要客户,0
S23023,62,9,5840254.0,1,3,4,8,重要客户,0
S23033,42,3,1058644.0,2,1,1,4,流失风险,1
S23038,4,7,2606725.0,4,3,2,9,重要客户,0
S23045,5,13,5161498.0,4,4,4,12,核心客户,0
S23047,26,8,4121027.0,2,3,3,8,重要客户,0
S23051,32,3,358118.0,2,1,1,4,流失风险,1
S23062,26,3,1111022.0,2,1,1,4,流失风险,1
S23081,16,3,2367383.0,3,1,2,6,一般客户,0
S23112,63,7,4949747.0,1,3,3,7,重要客户,0
S23119,13,20,7446109.0,3,4,4,11,核心客户,0
S23139,63,5,1913616.0,1,2,1,4,流失风险,1
S23144,10,11,5041591.0,4,4,3,11,核心客户,0
S23207,39,5,1852080.0,2,2,1,5,一般客户,0
S23214,1,7,2208865.0,4,3,2,9,重要客户,0
S23247,84,4,1935552.0,1,2,1,4,流失风险,1
S23249,7,14,6839946.0,4,4,4,12,核心客户,0
S23256,4,14,7988378.0,4,4,4,12,核心客户,0
S23299,3,6,3732414.0,4,2,3,9,重要客户,0
S23312,10,14,5358412.0,4,4,4,12,核心客户,0
S23313,10,8,4499912.0,4,3,3,10,核心客户,0
S23337,22,2,710086.0,3,1,1,5,一般客户,0
编号S13676,81,1,334197.0,1,1,1,3,流失风险,1
